{"cameraMode":{"drawMode":0,"name":"Shaded","section":"Shading Mode"},"sceneLighting":true,"audioPlay":false,"sceneViewState":{"m_AlwaysRefresh":false,"showFog":true,"showSkybox":true,"showFlares":true,"showImageEffects":true,"showParticleSystems":true,"showVisualEffectGraphs":true,"m_FxEnabled":true},"in2DMode":false,"pivot":{"x":3.313631772994995,"y":-3.06986665725708,"z":15.762146949768067},"rotation":{"x":0.13502240180969239,"y":0.13895632326602937,"z":-0.019255466759204866,"w":0.9808523654937744},"size":10.411334037780762,"orthographic":false}