{"cameraMode":{"drawMode":0,"name":"Shaded","section":"Shading Mode"},"sceneLighting":true,"audioPlay":false,"sceneViewState":{"m_AlwaysRefresh":false,"showFog":true,"showSkybox":true,"showFlares":true,"showImageEffects":true,"showParticleSystems":true,"showVisualEffectGraphs":true,"m_FxEnabled":true},"in2DMode":false,"pivot":{"x":-27.20607566833496,"y":-27.305604934692384,"z":26.981426239013673},"rotation":{"x":-0.26439252495765688,"y":0.4422730505466461,"z":-0.13626812398433686,"w":-0.8468735814094544},"size":32.589481353759769,"orthographic":false}